BCA-820,200,1
ACA-821,201,1
BCA-822,202,1
BCA-823,203,1
BCA-824,204,1
BCA-825,205,1
BCA-826,206,1
BCA-827,207,1
BCA-828,208,1
BCA-829,209,1
BCA-830,210,1
BCA-831,211,1
BCA-832,212,1
BCA-833,213,1
BCA-834,214,1
BCA-835,215,1
BCA-836,216,1
BCA-837,217,1
BCA-838,218,1
BCA-839,219,1
BCA-840,250,2
BCA-841,250,2
BCA-842,250,2
ACA-843,250,2
BCA-844,250,2
BCA-845,250,2
BCA-846,250,2
BCA-847,650,2
BCA-848,650,2
BCA-849,650,2
BCA-850,200,1
BCA-851,200,2
BCA-852,200,1
BCA-853,200,2
BCA-854,200,1
BCA-855,200,1
BCA-856,200,1
BCA-857,200,1
BCA-858,200,2
BCA-859,200,2
BCA-860,200,2
BCA-861,200,2
BCA-862,200,2
BCA-863,200,1
BCA-864,200,1
BCA-865,200,1
BCA-866,200,1
BCA-867,200,1
BCA-868,200,2
BCA-869,200,1
BCA-870,200,2
BCA-871,200,1
BCA-872,200,2
BCA-873,200,1
BCA-874,200,2
BCA-875,200,1
BCA-876,200,2
BCA-877,200,1
BCA-878,200,2
BCA-879,200,1
BCA-880,200,2
BCA-881,200,1
BCA-882,200,2
BCA-883,200,1
BCA-884,200,2
BCA-885,200,1
BCA-886,200,2
BCA-887,200,2
BCA-888,200,2
BCA-889,200,1
BCA-890,200,1
BCA-891,200,1
BCA-892,200,2
BCA-893,200,2
BCA-894,200,1
BCA-895,200,1
BCA-896,200,1
BCA-897,200,1
BCA-898,200,2
BCA-899,200,2
BCA-900,200,2
BCA-901,200,1
BCA-902,200,2
BCA-903,200,1
BCA-904,200,2
BCA-905,200,1
BCA-906,200,1
BCA-907,200,1
BCA-908,200,2
BCA-909,200,2
BCA-910,200,2
BCA-911,200,1
BCA-912,200,1
BCA-913,200,1
BCA-914,200,1
BCA-915,200,2
BCA-916,200,2
BCA-917,200,2
BCA-918,200,2
BCA-919,200,2